LOCATION	Country	VARIABLE	Variable	FREQUENCY	Frequency	TIME	Time	Unit Code	Unit	PowerCode Code	PowerCode	Reference Period Code	Reference Period	Value	Flag Codes	Flags
AUT	Austria	UNR	Unemployment rate	Q	Quarterly	2018-Q1	Q1-2018	PC	Percentage	0	Units			5.0106149824783		
AUT	Austria	UNR	Unemployment rate	Q	Quarterly	2018-Q2	Q2-2018	PC	Percentage	0	Units			4.76266821453924		
AUT	Austria	UNR	Unemployment rate	Q	Quarterly	2018-Q3	Q3-2018	PC	Percentage	0	Units			4.90325409955125		
AUT	Austria	UNR	Unemployment rate	Q	Quarterly	2018-Q4	Q4-2018	PC	Percentage	0	Units			4.71562728987758		
AUT	Austria	UNR	Unemployment rate	Q	Quarterly	2019-Q1	Q1-2019	PC	Percentage	0	Units			4.6879785891483		
AUT	Austria	UNR	Unemployment rate	Q	Quarterly	2019-Q2	Q2-2019	PC	Percentage	0	Units			4.59823726571582		
AUT	Austria	UNR	Unemployment rate	Q	Quarterly	2019-Q3	Q3-2019	PC	Percentage	0	Units			4.41740570955271		
AUT	Austria	UNR	Unemployment rate	Q	Quarterly	2019-Q4	Q4-2019	PC	Percentage	0	Units			4.24199911722247		
AUT	Austria	UNR	Unemployment rate	Q	Quarterly	2020-Q1	Q1-2020	PC	Percentage	0	Units			5.05375158625794		
AUT	Austria	UNR	Unemployment rate	Q	Quarterly	2020-Q2	Q2-2020	PC	Percentage	0	Units			5.85918383328076		
AUT	Austria	UNR	Unemployment rate	Q	Quarterly	2020-Q3	Q3-2020	PC	Percentage	0	Units			6.51685420570292		
AUT	Austria	UNR	Unemployment rate	Q	Quarterly	2020-Q4	Q4-2020	PC	Percentage	0	Units			6.58216179258516		
AUT	Austria	UNR	Unemployment rate	Q	Quarterly	2021-Q1	Q1-2021	PC	Percentage	0	Units			6.11600491530266		
AUT	Austria	UNR	Unemployment rate	Q	Quarterly	2021-Q2	Q2-2021	PC	Percentage	0	Units			5.83491510965987		
AUT	Austria	UNR	Unemployment rate	Q	Quarterly	2021-Q3	Q3-2021	PC	Percentage	0	Units			5.55298371777265		
AUT	Austria	UNR	Unemployment rate	Q	Quarterly	2021-Q4	Q4-2021	PC	Percentage	0	Units			5.27020821992161		
CAN	Canada	UNR	Unemployment rate	Q	Quarterly	2018-Q1	Q1-2018	PC	Percentage	0	Units			5.82219337214573		
CAN	Canada	UNR	Unemployment rate	Q	Quarterly	2018-Q2	Q2-2018	PC	Percentage	0	Units			5.94663363917462		
CAN	Canada	UNR	Unemployment rate	Q	Quarterly	2018-Q3	Q3-2018	PC	Percentage	0	Units			5.88488239473642		
CAN	Canada	UNR	Unemployment rate	Q	Quarterly	2018-Q4	Q4-2018	PC	Percentage	0	Units			5.69762382864795		
CAN	Canada	UNR	Unemployment rate	Q	Quarterly	2019-Q1	Q1-2019	PC	Percentage	0	Units			5.77190519338701		
CAN	Canada	UNR	Unemployment rate	Q	Quarterly	2019-Q2	Q2-2019	PC	Percentage	0	Units			5.56856471925826		
CAN	Canada	UNR	Unemployment rate	Q	Quarterly	2019-Q3	Q3-2019	PC	Percentage	0	Units			5.63386543800662		
CAN	Canada	UNR	Unemployment rate	Q	Quarterly	2019-Q4	Q4-2019	PC	Percentage	0	Units			5.69462228439091		
CAN	Canada	UNR	Unemployment rate	Q	Quarterly	2020-Q1	Q1-2020	PC	Percentage	0	Units			6.30705889372874		
CAN	Canada	UNR	Unemployment rate	Q	Quarterly	2020-Q2	Q2-2020	PC	Percentage	0	Units			11.0380927092701		
CAN	Canada	UNR	Unemployment rate	Q	Quarterly	2020-Q3	Q3-2020	PC	Percentage	0	Units			9.59710174990751		
CAN	Canada	UNR	Unemployment rate	Q	Quarterly	2020-Q4	Q4-2020	PC	Percentage	0	Units			10.6043005560663		
CAN	Canada	UNR	Unemployment rate	Q	Quarterly	2021-Q1	Q1-2021	PC	Percentage	0	Units			9.64229023921247		
CAN	Canada	UNR	Unemployment rate	Q	Quarterly	2021-Q2	Q2-2021	PC	Percentage	0	Units			9.12822801180807		
CAN	Canada	UNR	Unemployment rate	Q	Quarterly	2021-Q3	Q3-2021	PC	Percentage	0	Units			8.77421751260328		
CAN	Canada	UNR	Unemployment rate	Q	Quarterly	2021-Q4	Q4-2021	PC	Percentage	0	Units			8.41882788948787		
CZE	Czech Republic	UNR	Unemployment rate	Q	Quarterly	2018-Q1	Q1-2018	PC	Percentage	0	Units			2.31331985610307		
CZE	Czech Republic	UNR	Unemployment rate	Q	Quarterly	2018-Q2	Q2-2018	PC	Percentage	0	Units			2.24946085239113		
CZE	Czech Republic	UNR	Unemployment rate	Q	Quarterly	2018-Q3	Q3-2018	PC	Percentage	0	Units			2.3282472262959		
CZE	Czech Republic	UNR	Unemployment rate	Q	Quarterly	2018-Q4	Q4-2018	PC	Percentage	0	Units			2.07912283914043		
CZE	Czech Republic	UNR	Unemployment rate	Q	Quarterly	2019-Q1	Q1-2019	PC	Percentage	0	Units			1.95919315463558		
CZE	Czech Republic	UNR	Unemployment rate	Q	Quarterly	2019-Q2	Q2-2019	PC	Percentage	0	Units			1.93920583415525		
CZE	Czech Republic	UNR	Unemployment rate	Q	Quarterly	2019-Q3	Q3-2019	PC	Percentage	0	Units			2.04980730120384		
CZE	Czech Republic	UNR	Unemployment rate	Q	Quarterly	2019-Q4	Q4-2019	PC	Percentage	0	Units			2.05780583887215		
CZE	Czech Republic	UNR	Unemployment rate	Q	Quarterly	2020-Q1	Q1-2020	PC	Percentage	0	Units			1.93573251521946		
CZE	Czech Republic	UNR	Unemployment rate	Q	Quarterly	2020-Q2	Q2-2020	PC	Percentage	0	Units			4.15061440285715		
CZE	Czech Republic	UNR	Unemployment rate	Q	Quarterly	2020-Q3	Q3-2020	PC	Percentage	0	Units			4.01646406657438		
CZE	Czech Republic	UNR	Unemployment rate	Q	Quarterly	2020-Q4	Q4-2020	PC	Percentage	0	Units			5.02325496385687		
CZE	Czech Republic	UNR	Unemployment rate	Q	Quarterly	2021-Q1	Q1-2021	PC	Percentage	0	Units			5.08016563980111		
CZE	Czech Republic	UNR	Unemployment rate	Q	Quarterly	2021-Q2	Q2-2021	PC	Percentage	0	Units			4.99506682433979		
CZE	Czech Republic	UNR	Unemployment rate	Q	Quarterly	2021-Q3	Q3-2021	PC	Percentage	0	Units			4.95718847579063		
CZE	Czech Republic	UNR	Unemployment rate	Q	Quarterly	2021-Q4	Q4-2021	PC	Percentage	0	Units			4.91929502519112		
ISL	Iceland	UNR	Unemployment rate	Q	Quarterly	2018-Q1	Q1-2018	PC	Percentage	0	Units			2.80021978592401		
ISL	Iceland	UNR	Unemployment rate	Q	Quarterly	2018-Q2	Q2-2018	PC	Percentage	0	Units			2.71458066818277		
ISL	Iceland	UNR	Unemployment rate	Q	Quarterly	2018-Q3	Q3-2018	PC	Percentage	0	Units			2.57481665301321		
ISL	Iceland	UNR	Unemployment rate	Q	Quarterly	2018-Q4	Q4-2018	PC	Percentage	0	Units			2.84209796449941		
ISL	Iceland	UNR	Unemployment rate	Q	Quarterly	2019-Q1	Q1-2019	PC	Percentage	0	Units			2.93137541154052		
ISL	Iceland	UNR	Unemployment rate	Q	Quarterly	2019-Q2	Q2-2019	PC	Percentage	0	Units			3.58370168782054		
ISL	Iceland	UNR	Unemployment rate	Q	Quarterly	2019-Q3	Q3-2019	PC	Percentage	0	Units			3.84549810673772		
ISL	Iceland	UNR	Unemployment rate	Q	Quarterly	2019-Q4	Q4-2019	PC	Percentage	0	Units			3.74205784680713		
ISL	Iceland	UNR	Unemployment rate	Q	Quarterly	2020-Q1	Q1-2020	PC	Percentage	0	Units			3.60279885837642		
ISL	Iceland	UNR	Unemployment rate	Q	Quarterly	2020-Q2	Q2-2020	PC	Percentage	0	Units			9.65765795301478		
ISL	Iceland	UNR	Unemployment rate	Q	Quarterly	2020-Q3	Q3-2020	PC	Percentage	0	Units			8.93636180892698		
ISL	Iceland	UNR	Unemployment rate	Q	Quarterly	2020-Q4	Q4-2020	PC	Percentage	0	Units			9.11812555781139		
ISL	Iceland	UNR	Unemployment rate	Q	Quarterly	2021-Q1	Q1-2021	PC	Percentage	0	Units			8.50527129836844		
ISL	Iceland	UNR	Unemployment rate	Q	Quarterly	2021-Q2	Q2-2021	PC	Percentage	0	Units			7.97821593875805		
ISL	Iceland	UNR	Unemployment rate	Q	Quarterly	2021-Q3	Q3-2021	PC	Percentage	0	Units			7.45362911193852		
ISL	Iceland	UNR	Unemployment rate	Q	Quarterly	2021-Q4	Q4-2021	PC	Percentage	0	Units			6.93150306330123		
ITA	Italy	UNR	Unemployment rate	Q	Quarterly	2018-Q1	Q1-2018	PC	Percentage	0	Units			10.9136054289224		
ITA	Italy	UNR	Unemployment rate	Q	Quarterly	2018-Q2	Q2-2018	PC	Percentage	0	Units			10.7670008055885		
ITA	Italy	UNR	Unemployment rate	Q	Quarterly	2018-Q3	Q3-2018	PC	Percentage	0	Units			10.2941992414076		
ITA	Italy	UNR	Unemployment rate	Q	Quarterly	2018-Q4	Q4-2018	PC	Percentage	0	Units			10.544022881956		
ITA	Italy	UNR	Unemployment rate	Q	Quarterly	2019-Q1	Q1-2019	PC	Percentage	0	Units			10.3225986455635		
ITA	Italy	UNR	Unemployment rate	Q	Quarterly	2019-Q2	Q2-2019	PC	Percentage	0	Units			9.93918373298366		
ITA	Italy	UNR	Unemployment rate	Q	Quarterly	2019-Q3	Q3-2019	PC	Percentage	0	Units			9.79687977455607		
ITA	Italy	UNR	Unemployment rate	Q	Quarterly	2019-Q4	Q4-2019	PC	Percentage	0	Units			9.72697482406381		
ITA	Italy	UNR	Unemployment rate	Q	Quarterly	2020-Q1	Q1-2020	PC	Percentage	0	Units			8.52947551050547		
ITA	Italy	UNR	Unemployment rate	Q	Quarterly	2020-Q2	Q2-2020	PC	Percentage	0	Units			8.52947551050547		
ITA	Italy	UNR	Unemployment rate	Q	Quarterly	2020-Q3	Q3-2020	PC	Percentage	0	Units			10.8048616918362		
ITA	Italy	UNR	Unemployment rate	Q	Quarterly	2020-Q4	Q4-2020	PC	Percentage	0	Units			12.4282584995641		
ITA	Italy	UNR	Unemployment rate	Q	Quarterly	2021-Q1	Q1-2021	PC	Percentage	0	Units			12.2531150165632		
ITA	Italy	UNR	Unemployment rate	Q	Quarterly	2021-Q2	Q2-2021	PC	Percentage	0	Units			11.9911840166126		
ITA	Italy	UNR	Unemployment rate	Q	Quarterly	2021-Q3	Q3-2021	PC	Percentage	0	Units			11.9911840166126		
ITA	Italy	UNR	Unemployment rate	Q	Quarterly	2021-Q4	Q4-2021	PC	Percentage	0	Units			11.5554968087741		
MEX	Mexico	UNR	Unemployment rate	Q	Quarterly	2018-Q1	Q1-2018	PC	Percentage	0	Units			3.2445521653455		
MEX	Mexico	UNR	Unemployment rate	Q	Quarterly	2018-Q2	Q2-2018	PC	Percentage	0	Units			3.31569568200399		
MEX	Mexico	UNR	Unemployment rate	Q	Quarterly	2018-Q3	Q3-2018	PC	Percentage	0	Units			3.28635740842379		
MEX	Mexico	UNR	Unemployment rate	Q	Quarterly	2018-Q4	Q4-2018	PC	Percentage	0	Units			3.35561775375365		
MEX	Mexico	UNR	Unemployment rate	Q	Quarterly	2019-Q1	Q1-2019	PC	Percentage	0	Units			3.49560181336058		
MEX	Mexico	UNR	Unemployment rate	Q	Quarterly	2019-Q2	Q2-2019	PC	Percentage	0	Units			3.5065234393341		
MEX	Mexico	UNR	Unemployment rate	Q	Quarterly	2019-Q3	Q3-2019	PC	Percentage	0	Units			3.54002724809137		
MEX	Mexico	UNR	Unemployment rate	Q	Quarterly	2019-Q4	Q4-2019	PC	Percentage	0	Units			3.47833255583196		
MEX	Mexico	UNR	Unemployment rate	Q	Quarterly	2020-Q1	Q1-2020	PC	Percentage	0	Units			3.47742379762228		
MEX	Mexico	UNR	Unemployment rate	Q	Quarterly	2020-Q2	Q2-2020	PC	Percentage	0	Units			7.19272981129999		
MEX	Mexico	UNR	Unemployment rate	Q	Quarterly	2020-Q3	Q3-2020	PC	Percentage	0	Units			7.19397028943588		
MEX	Mexico	UNR	Unemployment rate	Q	Quarterly	2020-Q4	Q4-2020	PC	Percentage	0	Units			7.47610632662378		
MEX	Mexico	UNR	Unemployment rate	Q	Quarterly	2021-Q1	Q1-2021	PC	Percentage	0	Units			6.76199021757086		
MEX	Mexico	UNR	Unemployment rate	Q	Quarterly	2021-Q2	Q2-2021	PC	Percentage	0	Units			6.1716773307103		
MEX	Mexico	UNR	Unemployment rate	Q	Quarterly	2021-Q3	Q3-2021	PC	Percentage	0	Units			5.69132063836405		
MEX	Mexico	UNR	Unemployment rate	Q	Quarterly	2021-Q4	Q4-2021	PC	Percentage	0	Units			5.26825482866607		
SVK	Slovak Republic	UNR	Unemployment rate	Q	Quarterly	2018-Q1	Q1-2018	PC	Percentage	0	Units			7.07502474938682		
SVK	Slovak Republic	UNR	Unemployment rate	Q	Quarterly	2018-Q2	Q2-2018	PC	Percentage	0	Units			6.76636198297411		
SVK	Slovak Republic	UNR	Unemployment rate	Q	Quarterly	2018-Q3	Q3-2018	PC	Percentage	0	Units			6.3201934408027		
SVK	Slovak Republic	UNR	Unemployment rate	Q	Quarterly	2018-Q4	Q4-2018	PC	Percentage	0	Units			6.03161335290278		
SVK	Slovak Republic	UNR	Unemployment rate	Q	Quarterly	2019-Q1	Q1-2019	PC	Percentage	0	Units			5.80791712343953		
SVK	Slovak Republic	UNR	Unemployment rate	Q	Quarterly	2019-Q2	Q2-2019	PC	Percentage	0	Units			5.8033234792382		
SVK	Slovak Republic	UNR	Unemployment rate	Q	Quarterly	2019-Q3	Q3-2019	PC	Percentage	0	Units			5.83143983044212		
SVK	Slovak Republic	UNR	Unemployment rate	Q	Quarterly	2019-Q4	Q4-2019	PC	Percentage	0	Units			5.57137563455224		
SVK	Slovak Republic	UNR	Unemployment rate	Q	Quarterly	2020-Q1	Q1-2020	PC	Percentage	0	Units			6.32756081465595		
SVK	Slovak Republic	UNR	Unemployment rate	Q	Quarterly	2020-Q2	Q2-2020	PC	Percentage	0	Units			11.3931471354085		
SVK	Slovak Republic	UNR	Unemployment rate	Q	Quarterly	2020-Q3	Q3-2020	PC	Percentage	0	Units			9.3728238917685		
SVK	Slovak Republic	UNR	Unemployment rate	Q	Quarterly	2020-Q4	Q4-2020	PC	Percentage	0	Units			11.3726211579481		
SVK	Slovak Republic	UNR	Unemployment rate	Q	Quarterly	2021-Q1	Q1-2021	PC	Percentage	0	Units			9.97387688434108		
SVK	Slovak Republic	UNR	Unemployment rate	Q	Quarterly	2021-Q2	Q2-2021	PC	Percentage	0	Units			9.36471645838656		
SVK	Slovak Republic	UNR	Unemployment rate	Q	Quarterly	2021-Q3	Q3-2021	PC	Percentage	0	Units			8.93302334320683		
SVK	Slovak Republic	UNR	Unemployment rate	Q	Quarterly	2021-Q4	Q4-2021	PC	Percentage	0	Units			8.54573790777084		
DEU	Germany	UNR	Unemployment rate	Q	Quarterly	2018-Q1	Q1-2018	PC	Percentage	0	Units			3.48558621222662		
DEU	Germany	UNR	Unemployment rate	Q	Quarterly	2018-Q2	Q2-2018	PC	Percentage	0	Units			3.42751273737842		
DEU	Germany	UNR	Unemployment rate	Q	Quarterly	2018-Q3	Q3-2018	PC	Percentage	0	Units			3.39035290491599		
DEU	Germany	UNR	Unemployment rate	Q	Quarterly	2018-Q4	Q4-2018	PC	Percentage	0	Units			3.29119778017572		
DEU	Germany	UNR	Unemployment rate	Q	Quarterly	2019-Q1	Q1-2019	PC	Percentage	0	Units			3.20843271524198		
DEU	Germany	UNR	Unemployment rate	Q	Quarterly	2019-Q2	Q2-2019	PC	Percentage	0	Units			3.13099531885504		
DEU	Germany	UNR	Unemployment rate	Q	Quarterly	2019-Q3	Q3-2019	PC	Percentage	0	Units			3.1032637774211		
DEU	Germany	UNR	Unemployment rate	Q	Quarterly	2019-Q4	Q4-2019	PC	Percentage	0	Units			3.17520460745678		
DEU	Germany	UNR	Unemployment rate	Q	Quarterly	2020-Q1	Q1-2020	PC	Percentage	0	Units			3.35823711418008		
DEU	Germany	UNR	Unemployment rate	Q	Quarterly	2020-Q2	Q2-2020	PC	Percentage	0	Units			4.51579823983811		
DEU	Germany	UNR	Unemployment rate	Q	Quarterly	2020-Q3	Q3-2020	PC	Percentage	0	Units			5.13881300739593		
DEU	Germany	UNR	Unemployment rate	Q	Quarterly	2020-Q4	Q4-2020	PC	Percentage	0	Units			5.47099325199233		
DEU	Germany	UNR	Unemployment rate	Q	Quarterly	2021-Q1	Q1-2021	PC	Percentage	0	Units			5.60824940046728		
DEU	Germany	UNR	Unemployment rate	Q	Quarterly	2021-Q2	Q2-2021	PC	Percentage	0	Units			5.39118611286463		
DEU	Germany	UNR	Unemployment rate	Q	Quarterly	2021-Q3	Q3-2021	PC	Percentage	0	Units			5.14171171497009		
DEU	Germany	UNR	Unemployment rate	Q	Quarterly	2021-Q4	Q4-2021	PC	Percentage	0	Units			4.90568528682064		
ESP	Spain	UNR	Unemployment rate	Q	Quarterly	2018-Q1	Q1-2018	PC	Percentage	0	Units			16.1537514185543		
ESP	Spain	UNR	Unemployment rate	Q	Quarterly	2018-Q2	Q2-2018	PC	Percentage	0	Units			15.4305769906924		
ESP	Spain	UNR	Unemployment rate	Q	Quarterly	2018-Q3	Q3-2018	PC	Percentage	0	Units			14.9417582316124		
ESP	Spain	UNR	Unemployment rate	Q	Quarterly	2018-Q4	Q4-2018	PC	Percentage	0	Units			14.4964845260878		
ESP	Spain	UNR	Unemployment rate	Q	Quarterly	2019-Q1	Q1-2019	PC	Percentage	0	Units			14.1436702543946		
ESP	Spain	UNR	Unemployment rate	Q	Quarterly	2019-Q2	Q2-2019	PC	Percentage	0	Units			14.1658124636095		
ESP	Spain	UNR	Unemployment rate	Q	Quarterly	2019-Q3	Q3-2019	PC	Percentage	0	Units			14.2882440403824		
ESP	Spain	UNR	Unemployment rate	Q	Quarterly	2019-Q4	Q4-2019	PC	Percentage	0	Units			13.8206865202577		
ESP	Spain	UNR	Unemployment rate	Q	Quarterly	2020-Q1	Q1-2020	PC	Percentage	0	Units			13.8565512465704		
ESP	Spain	UNR	Unemployment rate	Q	Quarterly	2020-Q2	Q2-2020	PC	Percentage	0	Units			19.039081387079		
ESP	Spain	UNR	Unemployment rate	Q	Quarterly	2020-Q3	Q3-2020	PC	Percentage	0	Units			22.0286562260791		
ESP	Spain	UNR	Unemployment rate	Q	Quarterly	2020-Q4	Q4-2020	PC	Percentage	0	Units			25.5213066228657		
ESP	Spain	UNR	Unemployment rate	Q	Quarterly	2021-Q1	Q1-2021	PC	Percentage	0	Units			23.9941258895989		
ESP	Spain	UNR	Unemployment rate	Q	Quarterly	2021-Q2	Q2-2021	PC	Percentage	0	Units			22.5247338014543		
ESP	Spain	UNR	Unemployment rate	Q	Quarterly	2021-Q3	Q3-2021	PC	Percentage	0	Units			21.0619372309121		
ESP	Spain	UNR	Unemployment rate	Q	Quarterly	2021-Q4	Q4-2021	PC	Percentage	0	Units			20.0401846148454		
DNK	Denmark	UNR	Unemployment rate	Q	Quarterly	2018-Q1	Q1-2018	PC	Percentage	0	Units			5.14896008993818		
DNK	Denmark	UNR	Unemployment rate	Q	Quarterly	2018-Q2	Q2-2018	PC	Percentage	0	Units			5.214963707426		
DNK	Denmark	UNR	Unemployment rate	Q	Quarterly	2018-Q3	Q3-2018	PC	Percentage	0	Units			4.98664292074799		
DNK	Denmark	UNR	Unemployment rate	Q	Quarterly	2018-Q4	Q4-2018	PC	Percentage	0	Units			5.06385341476957		
DNK	Denmark	UNR	Unemployment rate	Q	Quarterly	2019-Q1	Q1-2019	PC	Percentage	0	Units			5.24800708591674		
DNK	Denmark	UNR	Unemployment rate	Q	Quarterly	2019-Q2	Q2-2019	PC	Percentage	0	Units			4.92002206287919		
DNK	Denmark	UNR	Unemployment rate	Q	Quarterly	2019-Q3	Q3-2019	PC	Percentage	0	Units			4.96383957922419		
DNK	Denmark	UNR	Unemployment rate	Q	Quarterly	2019-Q4	Q4-2019	PC	Percentage	0	Units			5.05359877488514		
DNK	Denmark	UNR	Unemployment rate	Q	Quarterly	2020-Q1	Q1-2020	PC	Percentage	0	Units			4.81160057124025		
DNK	Denmark	UNR	Unemployment rate	Q	Quarterly	2020-Q2	Q2-2020	PC	Percentage	0	Units			6.31901707183133		
DNK	Denmark	UNR	Unemployment rate	Q	Quarterly	2020-Q3	Q3-2020	PC	Percentage	0	Units			8.29235370878495		
DNK	Denmark	UNR	Unemployment rate	Q	Quarterly	2020-Q4	Q4-2020	PC	Percentage	0	Units			8.75907443605119		
DNK	Denmark	UNR	Unemployment rate	Q	Quarterly	2021-Q1	Q1-2021	PC	Percentage	0	Units			9.80866541944009		
DNK	Denmark	UNR	Unemployment rate	Q	Quarterly	2021-Q2	Q2-2021	PC	Percentage	0	Units			9.14626106082828		
DNK	Denmark	UNR	Unemployment rate	Q	Quarterly	2021-Q3	Q3-2021	PC	Percentage	0	Units			8.81243888329307		
DNK	Denmark	UNR	Unemployment rate	Q	Quarterly	2021-Q4	Q4-2021	PC	Percentage	0	Units			8.70034578771818		
NOR	Norway	UNR	Unemployment rate	Q	Quarterly	2018-Q1	Q1-2018	PC	Percentage	0	Units			3.79306328448644		
NOR	Norway	UNR	Unemployment rate	Q	Quarterly	2018-Q2	Q2-2018	PC	Percentage	0	Units			3.76351867741559		
NOR	Norway	UNR	Unemployment rate	Q	Quarterly	2018-Q3	Q3-2018	PC	Percentage	0	Units			3.93315571592127		
NOR	Norway	UNR	Unemployment rate	Q	Quarterly	2018-Q4	Q4-2018	PC	Percentage	0	Units			3.71109331749568		
NOR	Norway	UNR	Unemployment rate	Q	Quarterly	2019-Q1	Q1-2019	PC	Percentage	0	Units			3.67617894859587		
NOR	Norway	UNR	Unemployment rate	Q	Quarterly	2019-Q2	Q2-2019	PC	Percentage	0	Units			3.37561657215483		
NOR	Norway	UNR	Unemployment rate	Q	Quarterly	2019-Q3	Q3-2019	PC	Percentage	0	Units			3.73373677760595		
NOR	Norway	UNR	Unemployment rate	Q	Quarterly	2019-Q4	Q4-2019	PC	Percentage	0	Units			3.96099708467536		
NOR	Norway	UNR	Unemployment rate	Q	Quarterly	2020-Q1	Q1-2020	PC	Percentage	0	Units			4.33245645264375		
NOR	Norway	UNR	Unemployment rate	Q	Quarterly	2020-Q2	Q2-2020	PC	Percentage	0	Units			7.43789068872861		
NOR	Norway	UNR	Unemployment rate	Q	Quarterly	2020-Q3	Q3-2020	PC	Percentage	0	Units			6.26895540491961		
NOR	Norway	UNR	Unemployment rate	Q	Quarterly	2020-Q4	Q4-2020	PC	Percentage	0	Units			7.02030646379802		
NOR	Norway	UNR	Unemployment rate	Q	Quarterly	2021-Q1	Q1-2021	PC	Percentage	0	Units			6.26817044430973		
NOR	Norway	UNR	Unemployment rate	Q	Quarterly	2021-Q2	Q2-2021	PC	Percentage	0	Units			5.76785718853815		
NOR	Norway	UNR	Unemployment rate	Q	Quarterly	2021-Q3	Q3-2021	PC	Percentage	0	Units			5.34278525840221		
NOR	Norway	UNR	Unemployment rate	Q	Quarterly	2021-Q4	Q4-2021	PC	Percentage	0	Units			5.03253544504833		
HUN	Hungary	UNR	Unemployment rate	Q	Quarterly	2018-Q1	Q1-2018	PC	Percentage	0	Units			3.71931831459958		
HUN	Hungary	UNR	Unemployment rate	Q	Quarterly	2018-Q2	Q2-2018	PC	Percentage	0	Units			3.63342686062048		
HUN	Hungary	UNR	Unemployment rate	Q	Quarterly	2018-Q3	Q3-2018	PC	Percentage	0	Units			3.78565352513647		
HUN	Hungary	UNR	Unemployment rate	Q	Quarterly	2018-Q4	Q4-2018	PC	Percentage	0	Units			3.68624365238548		
HUN	Hungary	UNR	Unemployment rate	Q	Quarterly	2019-Q1	Q1-2019	PC	Percentage	0	Units			3.43075301685806		
HUN	Hungary	UNR	Unemployment rate	Q	Quarterly	2019-Q2	Q2-2019	PC	Percentage	0	Units			3.40562560489327		
HUN	Hungary	UNR	Unemployment rate	Q	Quarterly	2019-Q3	Q3-2019	PC	Percentage	0	Units			3.43648338335937		
HUN	Hungary	UNR	Unemployment rate	Q	Quarterly	2019-Q4	Q4-2019	PC	Percentage	0	Units			3.41372205098119		
HUN	Hungary	UNR	Unemployment rate	Q	Quarterly	2020-Q1	Q1-2020	PC	Percentage	0	Units			3.59264169974569		
HUN	Hungary	UNR	Unemployment rate	Q	Quarterly	2020-Q2	Q2-2020	PC	Percentage	0	Units			7.43114025492788		
HUN	Hungary	UNR	Unemployment rate	Q	Quarterly	2020-Q3	Q3-2020	PC	Percentage	0	Units			7.29259829623265		
HUN	Hungary	UNR	Unemployment rate	Q	Quarterly	2020-Q4	Q4-2020	PC	Percentage	0	Units			9.20511849490054		
HUN	Hungary	UNR	Unemployment rate	Q	Quarterly	2021-Q1	Q1-2021	PC	Percentage	0	Units			7.71391654571367		
HUN	Hungary	UNR	Unemployment rate	Q	Quarterly	2021-Q2	Q2-2021	PC	Percentage	0	Units			6.58025352098952		
HUN	Hungary	UNR	Unemployment rate	Q	Quarterly	2021-Q3	Q3-2021	PC	Percentage	0	Units			5.65749434829253		
HUN	Hungary	UNR	Unemployment rate	Q	Quarterly	2021-Q4	Q4-2021	PC	Percentage	0	Units			4.83975736391701		
FRA	France	UNR	Unemployment rate	Q	Quarterly	2018-Q1	Q1-2018	PC	Percentage	0	Units			9.20135145411081		
FRA	France	UNR	Unemployment rate	Q	Quarterly	2018-Q2	Q2-2018	PC	Percentage	0	Units			9.09133738726595		
FRA	France	UNR	Unemployment rate	Q	Quarterly	2018-Q3	Q3-2018	PC	Percentage	0	Units			9.01897619436596		
FRA	France	UNR	Unemployment rate	Q	Quarterly	2018-Q4	Q4-2018	PC	Percentage	0	Units			8.76126570619054		
FRA	France	UNR	Unemployment rate	Q	Quarterly	2019-Q1	Q1-2019	PC	Percentage	0	Units			8.69351472363687		
FRA	France	UNR	Unemployment rate	Q	Quarterly	2019-Q2	Q2-2019	PC	Percentage	0	Units			8.45098129318492		
FRA	France	UNR	Unemployment rate	Q	Quarterly	2019-Q3	Q3-2019	PC	Percentage	0	Units			8.48448776223633		
FRA	France	UNR	Unemployment rate	Q	Quarterly	2019-Q4	Q4-2019	PC	Percentage	0	Units			8.14309396883788		
FRA	France	UNR	Unemployment rate	Q	Quarterly	2020-Q1	Q1-2020	PC	Percentage	0	Units			7.80115600022033		
FRA	France	UNR	Unemployment rate	Q	Quarterly	2020-Q2	Q2-2020	PC	Percentage	0	Units			11.304712072212		
FRA	France	UNR	Unemployment rate	Q	Quarterly	2020-Q3	Q3-2020	PC	Percentage	0	Units			12.4073387247206		
FRA	France	UNR	Unemployment rate	Q	Quarterly	2020-Q4	Q4-2020	PC	Percentage	0	Units			13.6940501474713		
FRA	France	UNR	Unemployment rate	Q	Quarterly	2021-Q1	Q1-2021	PC	Percentage	0	Units			12.4476147115919		
FRA	France	UNR	Unemployment rate	Q	Quarterly	2021-Q2	Q2-2021	PC	Percentage	0	Units			11.5234681474346		
FRA	France	UNR	Unemployment rate	Q	Quarterly	2021-Q3	Q3-2021	PC	Percentage	0	Units			10.6744330556867		
FRA	France	UNR	Unemployment rate	Q	Quarterly	2021-Q4	Q4-2021	PC	Percentage	0	Units			10.2521737030703		
POL	Poland	UNR	Unemployment rate	Q	Quarterly	2018-Q1	Q1-2018	PC	Percentage	0	Units			4.06333682617301		
POL	Poland	UNR	Unemployment rate	Q	Quarterly	2018-Q2	Q2-2018	PC	Percentage	0	Units			3.84190642255158		
POL	Poland	UNR	Unemployment rate	Q	Quarterly	2018-Q3	Q3-2018	PC	Percentage	0	Units			3.85446475500788		
POL	Poland	UNR	Unemployment rate	Q	Quarterly	2018-Q4	Q4-2018	PC	Percentage	0	Units			3.73623799484657		
POL	Poland	UNR	Unemployment rate	Q	Quarterly	2019-Q1	Q1-2019	PC	Percentage	0	Units			3.67414015729546		
POL	Poland	UNR	Unemployment rate	Q	Quarterly	2019-Q2	Q2-2019	PC	Percentage	0	Units			3.39082482693887		
POL	Poland	UNR	Unemployment rate	Q	Quarterly	2019-Q3	Q3-2019	PC	Percentage	0	Units			3.14594848876867		
POL	Poland	UNR	Unemployment rate	Q	Quarterly	2019-Q4	Q4-2019	PC	Percentage	0	Units			2.9		
POL	Poland	UNR	Unemployment rate	Q	Quarterly	2020-Q1	Q1-2020	PC	Percentage	0	Units			2.23905905905906		
POL	Poland	UNR	Unemployment rate	Q	Quarterly	2020-Q2	Q2-2020	PC	Percentage	0	Units			8.51458585968114		
POL	Poland	UNR	Unemployment rate	Q	Quarterly	2020-Q3	Q3-2020	PC	Percentage	0	Units			10.5475950627994		
POL	Poland	UNR	Unemployment rate	Q	Quarterly	2020-Q4	Q4-2020	PC	Percentage	0	Units			10.4401232106521		
POL	Poland	UNR	Unemployment rate	Q	Quarterly	2021-Q1	Q1-2021	PC	Percentage	0	Units			10.2161115128298		
POL	Poland	UNR	Unemployment rate	Q	Quarterly	2021-Q2	Q2-2021	PC	Percentage	0	Units			9.13870485098382		
POL	Poland	UNR	Unemployment rate	Q	Quarterly	2021-Q3	Q3-2021	PC	Percentage	0	Units			8.28469407766039		
POL	Poland	UNR	Unemployment rate	Q	Quarterly	2021-Q4	Q4-2021	PC	Percentage	0	Units			7.47776077220487		
JPN	Japan	UNR	Unemployment rate	Q	Quarterly	2018-Q1	Q1-2018	PC	Percentage	0	Units			2.47022496691663		
JPN	Japan	UNR	Unemployment rate	Q	Quarterly	2018-Q2	Q2-2018	PC	Percentage	0	Units			2.38757873150725		
JPN	Japan	UNR	Unemployment rate	Q	Quarterly	2018-Q3	Q3-2018	PC	Percentage	0	Units			2.44509516837482		
JPN	Japan	UNR	Unemployment rate	Q	Quarterly	2018-Q4	Q4-2018	PC	Percentage	0	Units			2.45750364254491		
JPN	Japan	UNR	Unemployment rate	Q	Quarterly	2019-Q1	Q1-2019	PC	Percentage	0	Units			2.41677181403479		
JPN	Japan	UNR	Unemployment rate	Q	Quarterly	2019-Q2	Q2-2019	PC	Percentage	0	Units			2.36778262979135		
JPN	Japan	UNR	Unemployment rate	Q	Quarterly	2019-Q3	Q3-2019	PC	Percentage	0	Units			2.32738181642229		
JPN	Japan	UNR	Unemployment rate	Q	Quarterly	2019-Q4	Q4-2019	PC	Percentage	0	Units			2.29846287283766		
JPN	Japan	UNR	Unemployment rate	Q	Quarterly	2020-Q1	Q1-2020	PC	Percentage	0	Units			2.39486263338328		
JPN	Japan	UNR	Unemployment rate	Q	Quarterly	2020-Q2	Q2-2020	PC	Percentage	0	Units			3.60884143571538		
JPN	Japan	UNR	Unemployment rate	Q	Quarterly	2020-Q3	Q3-2020	PC	Percentage	0	Units			3.46385557816979		
JPN	Japan	UNR	Unemployment rate	Q	Quarterly	2020-Q4	Q4-2020	PC	Percentage	0	Units			4.00469559263204		
JPN	Japan	UNR	Unemployment rate	Q	Quarterly	2021-Q1	Q1-2021	PC	Percentage	0	Units			3.98070576084385		
JPN	Japan	UNR	Unemployment rate	Q	Quarterly	2021-Q2	Q2-2021	PC	Percentage	0	Units			3.90652534786827		
JPN	Japan	UNR	Unemployment rate	Q	Quarterly	2021-Q3	Q3-2021	PC	Percentage	0	Units			3.81793887610546		
JPN	Japan	UNR	Unemployment rate	Q	Quarterly	2021-Q4	Q4-2021	PC	Percentage	0	Units			3.80594236060883		
EA17	Euro area (17 countries)	UNR	Unemployment rate	Q	Quarterly	2018-Q1	Q1-2018	PC	Percentage	0	Units			8.52099435768019		
EA17	Euro area (17 countries)	UNR	Unemployment rate	Q	Quarterly	2018-Q2	Q2-2018	PC	Percentage	0	Units			8.28360144072535		
EA17	Euro area (17 countries)	UNR	Unemployment rate	Q	Quarterly	2018-Q3	Q3-2018	PC	Percentage	0	Units			8.05839848027042		
EA17	Euro area (17 countries)	UNR	Unemployment rate	Q	Quarterly	2018-Q4	Q4-2018	PC	Percentage	0	Units			7.89208484030695		
EA17	Euro area (17 countries)	UNR	Unemployment rate	Q	Quarterly	2019-Q1	Q1-2019	PC	Percentage	0	Units			7.72463304618742		
EA17	Euro area (17 countries)	UNR	Unemployment rate	Q	Quarterly	2019-Q2	Q2-2019	PC	Percentage	0	Units			7.58584256306813		
EA17	Euro area (17 countries)	UNR	Unemployment rate	Q	Quarterly	2019-Q3	Q3-2019	PC	Percentage	0	Units			7.54576780964967		
EA17	Euro area (17 countries)	UNR	Unemployment rate	Q	Quarterly	2019-Q4	Q4-2019	PC	Percentage	0	Units			7.38459386056231		
EA17	Euro area (17 countries)	UNR	Unemployment rate	Q	Quarterly	2020-Q1	Q1-2020	PC	Percentage	0	Units			7.22824401128997		
EA17	Euro area (17 countries)	UNR	Unemployment rate	Q	Quarterly	2020-Q2	Q2-2020	PC	Percentage	0	Units			9.96722697393706		
EA17	Euro area (17 countries)	UNR	Unemployment rate	Q	Quarterly	2020-Q3	Q3-2020	PC	Percentage	0	Units			11.0899435977877		
EA17	Euro area (17 countries)	UNR	Unemployment rate	Q	Quarterly	2020-Q4	Q4-2020	PC	Percentage	0	Units			12.6108481628678		
EA17	Euro area (17 countries)	UNR	Unemployment rate	Q	Quarterly	2021-Q1	Q1-2021	PC	Percentage	0	Units			11.9377414454454		
EA17	Euro area (17 countries)	UNR	Unemployment rate	Q	Quarterly	2021-Q2	Q2-2021	PC	Percentage	0	Units			11.2217257187804		
EA17	Euro area (17 countries)	UNR	Unemployment rate	Q	Quarterly	2021-Q3	Q3-2021	PC	Percentage	0	Units			10.6453181521851		
EA17	Euro area (17 countries)	UNR	Unemployment rate	Q	Quarterly	2021-Q4	Q4-2021	PC	Percentage	0	Units			10.1655798066938		
SWE	Sweden	UNR	Unemployment rate	Q	Quarterly	2018-Q1	Q1-2018	PC	Percentage	0	Units			6.14630722917526		
SWE	Sweden	UNR	Unemployment rate	Q	Quarterly	2018-Q2	Q2-2018	PC	Percentage	0	Units			6.31675051010716		
SWE	Sweden	UNR	Unemployment rate	Q	Quarterly	2018-Q3	Q3-2018	PC	Percentage	0	Units			6.41374794215386		
SWE	Sweden	UNR	Unemployment rate	Q	Quarterly	2018-Q4	Q4-2018	PC	Percentage	0	Units			6.4132451301079		
SWE	Sweden	UNR	Unemployment rate	Q	Quarterly	2019-Q1	Q1-2019	PC	Percentage	0	Units			6.71938440592254		
SWE	Sweden	UNR	Unemployment rate	Q	Quarterly	2019-Q2	Q2-2019	PC	Percentage	0	Units			6.54238587482279		
SWE	Sweden	UNR	Unemployment rate	Q	Quarterly	2019-Q3	Q3-2019	PC	Percentage	0	Units			6.97355379892184		
SWE	Sweden	UNR	Unemployment rate	Q	Quarterly	2019-Q4	Q4-2019	PC	Percentage	0	Units			6.86429337801835		
SWE	Sweden	UNR	Unemployment rate	Q	Quarterly	2020-Q1	Q1-2020	PC	Percentage	0	Units			7.15209221957733		
SWE	Sweden	UNR	Unemployment rate	Q	Quarterly	2020-Q2	Q2-2020	PC	Percentage	0	Units			10.3120810729651		
SWE	Sweden	UNR	Unemployment rate	Q	Quarterly	2020-Q3	Q3-2020	PC	Percentage	0	Units			11.3883361000896		
SWE	Sweden	UNR	Unemployment rate	Q	Quarterly	2020-Q4	Q4-2020	PC	Percentage	0	Units			13.375224259607		
SWE	Sweden	UNR	Unemployment rate	Q	Quarterly	2021-Q1	Q1-2021	PC	Percentage	0	Units			12.1303173028589		
SWE	Sweden	UNR	Unemployment rate	Q	Quarterly	2021-Q2	Q2-2021	PC	Percentage	0	Units			11.3579908868233		
SWE	Sweden	UNR	Unemployment rate	Q	Quarterly	2021-Q3	Q3-2021	PC	Percentage	0	Units			10.8090691364221		
SWE	Sweden	UNR	Unemployment rate	Q	Quarterly	2021-Q4	Q4-2021	PC	Percentage	0	Units			10.2567481502513		
OTO	OECD - Total	UNR	Unemployment rate	Q	Quarterly	2018-Q1	Q1-2018	PC	Percentage	0	Units			5.54596929489487		
OTO	OECD - Total	UNR	Unemployment rate	Q	Quarterly	2018-Q2	Q2-2018	PC	Percentage	0	Units			5.49319041304836		
OTO	OECD - Total	UNR	Unemployment rate	Q	Quarterly	2018-Q3	Q3-2018	PC	Percentage	0	Units			5.43065333125739		
OTO	OECD - Total	UNR	Unemployment rate	Q	Quarterly	2018-Q4	Q4-2018	PC	Percentage	0	Units			5.44551577879698		
OTO	OECD - Total	UNR	Unemployment rate	Q	Quarterly	2019-Q1	Q1-2019	PC	Percentage	0	Units			5.50106481551785		
OTO	OECD - Total	UNR	Unemployment rate	Q	Quarterly	2019-Q2	Q2-2019	PC	Percentage	0	Units			5.40166986571093		
OTO	OECD - Total	UNR	Unemployment rate	Q	Quarterly	2019-Q3	Q3-2019	PC	Percentage	0	Units			5.381822022722		
OTO	OECD - Total	UNR	Unemployment rate	Q	Quarterly	2019-Q4	Q4-2019	PC	Percentage	0	Units			5.26272003976251		
OTO	OECD - Total	UNR	Unemployment rate	Q	Quarterly	2020-Q1	Q1-2020	PC	Percentage	0	Units			5.30429857771247		
OTO	OECD - Total	UNR	Unemployment rate	Q	Quarterly	2020-Q2	Q2-2020	PC	Percentage	0	Units			11.3854257613217		
OTO	OECD - Total	UNR	Unemployment rate	Q	Quarterly	2020-Q3	Q3-2020	PC	Percentage	0	Units			10.6319268591345		
OTO	OECD - Total	UNR	Unemployment rate	Q	Quarterly	2020-Q4	Q4-2020	PC	Percentage	0	Units			12.5974228467165		
OTO	OECD - Total	UNR	Unemployment rate	Q	Quarterly	2021-Q1	Q1-2021	PC	Percentage	0	Units			11.1145107030979		
OTO	OECD - Total	UNR	Unemployment rate	Q	Quarterly	2021-Q2	Q2-2021	PC	Percentage	0	Units			10.0603969251075		
OTO	OECD - Total	UNR	Unemployment rate	Q	Quarterly	2021-Q3	Q3-2021	PC	Percentage	0	Units			9.42056048524385		
OTO	OECD - Total	UNR	Unemployment rate	Q	Quarterly	2021-Q4	Q4-2021	PC	Percentage	0	Units			8.89767771774176		
NLD	Netherlands	UNR	Unemployment rate	Q	Quarterly	2018-Q1	Q1-2018	PC	Percentage	0	Units			4.06136188058713		
NLD	Netherlands	UNR	Unemployment rate	Q	Quarterly	2018-Q2	Q2-2018	PC	Percentage	0	Units			3.8873012383674		
NLD	Netherlands	UNR	Unemployment rate	Q	Quarterly	2018-Q3	Q3-2018	PC	Percentage	0	Units			3.80258604989984		
NLD	Netherlands	UNR	Unemployment rate	Q	Quarterly	2018-Q4	Q4-2018	PC	Percentage	0	Units			3.59902768203751		
NLD	Netherlands	UNR	Unemployment rate	Q	Quarterly	2019-Q1	Q1-2019	PC	Percentage	0	Units			3.42733188720174		
NLD	Netherlands	UNR	Unemployment rate	Q	Quarterly	2019-Q2	Q2-2019	PC	Percentage	0	Units			3.29979443903495		
NLD	Netherlands	UNR	Unemployment rate	Q	Quarterly	2019-Q3	Q3-2019	PC	Percentage	0	Units			3.4368827437601		
NLD	Netherlands	UNR	Unemployment rate	Q	Quarterly	2019-Q4	Q4-2019	PC	Percentage	0	Units			3.39316361556065		
NLD	Netherlands	UNR	Unemployment rate	Q	Quarterly	2020-Q1	Q1-2020	PC	Percentage	0	Units			2.9692357165827		
NLD	Netherlands	UNR	Unemployment rate	Q	Quarterly	2020-Q2	Q2-2020	PC	Percentage	0	Units			6.43602713231177		
NLD	Netherlands	UNR	Unemployment rate	Q	Quarterly	2020-Q3	Q3-2020	PC	Percentage	0	Units			8.04838145441081		
NLD	Netherlands	UNR	Unemployment rate	Q	Quarterly	2020-Q4	Q4-2020	PC	Percentage	0	Units			8.52917423111977		
NLD	Netherlands	UNR	Unemployment rate	Q	Quarterly	2021-Q1	Q1-2021	PC	Percentage	0	Units			7.30593881964886		
NLD	Netherlands	UNR	Unemployment rate	Q	Quarterly	2021-Q2	Q2-2021	PC	Percentage	0	Units			6.75636928695903		
NLD	Netherlands	UNR	Unemployment rate	Q	Quarterly	2021-Q3	Q3-2021	PC	Percentage	0	Units			6.29522373447118		
NLD	Netherlands	UNR	Unemployment rate	Q	Quarterly	2021-Q4	Q4-2021	PC	Percentage	0	Units			5.95194881151825		
FIN	Finland	UNR	Unemployment rate	Q	Quarterly	2018-Q1	Q1-2018	PC	Percentage	0	Units			8.19135095367675		
FIN	Finland	UNR	Unemployment rate	Q	Quarterly	2018-Q2	Q2-2018	PC	Percentage	0	Units			7.25534864601197		
FIN	Finland	UNR	Unemployment rate	Q	Quarterly	2018-Q3	Q3-2018	PC	Percentage	0	Units			7.27776914682444		
FIN	Finland	UNR	Unemployment rate	Q	Quarterly	2018-Q4	Q4-2018	PC	Percentage	0	Units			6.74324445270536		
FIN	Finland	UNR	Unemployment rate	Q	Quarterly	2019-Q1	Q1-2019	PC	Percentage	0	Units			6.51595076417618		
FIN	Finland	UNR	Unemployment rate	Q	Quarterly	2019-Q2	Q2-2019	PC	Percentage	0	Units			6.76288907852847		
FIN	Finland	UNR	Unemployment rate	Q	Quarterly	2019-Q3	Q3-2019	PC	Percentage	0	Units			6.7043656156482		
FIN	Finland	UNR	Unemployment rate	Q	Quarterly	2019-Q4	Q4-2019	PC	Percentage	0	Units			6.78205658651733		
FIN	Finland	UNR	Unemployment rate	Q	Quarterly	2020-Q1	Q1-2020	PC	Percentage	0	Units			6.60580321647017		
FIN	Finland	UNR	Unemployment rate	Q	Quarterly	2020-Q2	Q2-2020	PC	Percentage	0	Units			10.3603437906825		
FIN	Finland	UNR	Unemployment rate	Q	Quarterly	2020-Q3	Q3-2020	PC	Percentage	0	Units			8.99159454916291		
FIN	Finland	UNR	Unemployment rate	Q	Quarterly	2020-Q4	Q4-2020	PC	Percentage	0	Units			10.5010653985745		
FIN	Finland	UNR	Unemployment rate	Q	Quarterly	2021-Q1	Q1-2021	PC	Percentage	0	Units			10.6853194957131		
FIN	Finland	UNR	Unemployment rate	Q	Quarterly	2021-Q2	Q2-2021	PC	Percentage	0	Units			10.345966220552		
FIN	Finland	UNR	Unemployment rate	Q	Quarterly	2021-Q3	Q3-2021	PC	Percentage	0	Units			10.0152394618246		
FIN	Finland	UNR	Unemployment rate	Q	Quarterly	2021-Q4	Q4-2021	PC	Percentage	0	Units			10.0007568321066		
KOR	Korea	UNR	Unemployment rate	Q	Quarterly	2018-Q1	Q1-2018	PC	Percentage	0	Units			3.76193472295653		
KOR	Korea	UNR	Unemployment rate	Q	Quarterly	2018-Q2	Q2-2018	PC	Percentage	0	Units			3.77883560012402		
KOR	Korea	UNR	Unemployment rate	Q	Quarterly	2018-Q3	Q3-2018	PC	Percentage	0	Units			4.00503751250117		
KOR	Korea	UNR	Unemployment rate	Q	Quarterly	2018-Q4	Q4-2018	PC	Percentage	0	Units			3.8738041056557		
KOR	Korea	UNR	Unemployment rate	Q	Quarterly	2019-Q1	Q1-2019	PC	Percentage	0	Units			3.94645076810673		
KOR	Korea	UNR	Unemployment rate	Q	Quarterly	2019-Q2	Q2-2019	PC	Percentage	0	Units			3.96891646922726		
KOR	Korea	UNR	Unemployment rate	Q	Quarterly	2019-Q3	Q3-2019	PC	Percentage	0	Units			3.51994123953774		
KOR	Korea	UNR	Unemployment rate	Q	Quarterly	2019-Q4	Q4-2019	PC	Percentage	0	Units			3.61836920492801		
KOR	Korea	UNR	Unemployment rate	Q	Quarterly	2020-Q1	Q1-2020	PC	Percentage	0	Units			3.67593592703193		
KOR	Korea	UNR	Unemployment rate	Q	Quarterly	2020-Q2	Q2-2020	PC	Percentage	0	Units			4.83763318218331		
KOR	Korea	UNR	Unemployment rate	Q	Quarterly	2020-Q3	Q3-2020	PC	Percentage	0	Units			4.83763318218331		
KOR	Korea	UNR	Unemployment rate	Q	Quarterly	2020-Q4	Q4-2020	PC	Percentage	0	Units			5.12369240107454		
KOR	Korea	UNR	Unemployment rate	Q	Quarterly	2021-Q1	Q1-2021	PC	Percentage	0	Units			4.93431853361164		
KOR	Korea	UNR	Unemployment rate	Q	Quarterly	2021-Q2	Q2-2021	PC	Percentage	0	Units			4.79193358882919		
KOR	Korea	UNR	Unemployment rate	Q	Quarterly	2021-Q3	Q3-2021	PC	Percentage	0	Units			4.6018026524115		
KOR	Korea	UNR	Unemployment rate	Q	Quarterly	2021-Q4	Q4-2021	PC	Percentage	0	Units			4.36366436647149		
PRT	Portugal	UNR	Unemployment rate	Q	Quarterly	2018-Q1	Q1-2018	PC	Percentage	0	Units			7.44152785614503		
PRT	Portugal	UNR	Unemployment rate	Q	Quarterly	2018-Q2	Q2-2018	PC	Percentage	0	Units			7.09178875205778		
PRT	Portugal	UNR	Unemployment rate	Q	Quarterly	2018-Q3	Q3-2018	PC	Percentage	0	Units			6.92423923704868		
PRT	Portugal	UNR	Unemployment rate	Q	Quarterly	2018-Q4	Q4-2018	PC	Percentage	0	Units			6.51713697689768		
PRT	Portugal	UNR	Unemployment rate	Q	Quarterly	2019-Q1	Q1-2019	PC	Percentage	0	Units			6.39588988902376		
PRT	Portugal	UNR	Unemployment rate	Q	Quarterly	2019-Q2	Q2-2019	PC	Percentage	0	Units			6.58328521669609		
PRT	Portugal	UNR	Unemployment rate	Q	Quarterly	2019-Q3	Q3-2019	PC	Percentage	0	Units			6.33504980148439		
PRT	Portugal	UNR	Unemployment rate	Q	Quarterly	2019-Q4	Q4-2019	PC	Percentage	0	Units			6.53789521937481		
PRT	Portugal	UNR	Unemployment rate	Q	Quarterly	2020-Q1	Q1-2020	PC	Percentage	0	Units			6.33864008282115		
PRT	Portugal	UNR	Unemployment rate	Q	Quarterly	2020-Q2	Q2-2020	PC	Percentage	0	Units			14.5832063706686		
PRT	Portugal	UNR	Unemployment rate	Q	Quarterly	2020-Q3	Q3-2020	PC	Percentage	0	Units			13.3438767235172		
PRT	Portugal	UNR	Unemployment rate	Q	Quarterly	2020-Q4	Q4-2020	PC	Percentage	0	Units			17.5818870009404		
PRT	Portugal	UNR	Unemployment rate	Q	Quarterly	2021-Q1	Q1-2021	PC	Percentage	0	Units			14.9310618698014		
PRT	Portugal	UNR	Unemployment rate	Q	Quarterly	2021-Q2	Q2-2021	PC	Percentage	0	Units			11.6452045921613		
PRT	Portugal	UNR	Unemployment rate	Q	Quarterly	2021-Q3	Q3-2021	PC	Percentage	0	Units			10.6936555878607		
PRT	Portugal	UNR	Unemployment rate	Q	Quarterly	2021-Q4	Q4-2021	PC	Percentage	0	Units			10.0025727011997		
USA	United States	UNR	Unemployment rate	Q	Quarterly	2018-Q1	Q1-2018	PC	Percentage	0	Units			4.06905589895467		
USA	United States	UNR	Unemployment rate	Q	Quarterly	2018-Q2	Q2-2018	PC	Percentage	0	Units			3.94043858114574		
USA	United States	UNR	Unemployment rate	Q	Quarterly	2018-Q3	Q3-2018	PC	Percentage	0	Units			3.78441995066037		
USA	United States	UNR	Unemployment rate	Q	Quarterly	2018-Q4	Q4-2018	PC	Percentage	0	Units			3.77637813333116		
USA	United States	UNR	Unemployment rate	Q	Quarterly	2019-Q1	Q1-2019	PC	Percentage	0	Units			3.86200636239479		
USA	United States	UNR	Unemployment rate	Q	Quarterly	2019-Q2	Q2-2019	PC	Percentage	0	Units			3.63857094015693		
USA	United States	UNR	Unemployment rate	Q	Quarterly	2019-Q3	Q3-2019	PC	Percentage	0	Units			3.6186339600829		
USA	United States	UNR	Unemployment rate	Q	Quarterly	2019-Q4	Q4-2019	PC	Percentage	0	Units			3.5314937644941		
USA	United States	UNR	Unemployment rate	Q	Quarterly	2020-Q1	Q1-2020	PC	Percentage	0	Units			3.8246979565708		
USA	United States	UNR	Unemployment rate	Q	Quarterly	2020-Q2	Q2-2020	PC	Percentage	0	Units			17.5243005430614		
USA	United States	UNR	Unemployment rate	Q	Quarterly	2020-Q3	Q3-2020	PC	Percentage	0	Units			13.4608709099741		
USA	United States	UNR	Unemployment rate	Q	Quarterly	2020-Q4	Q4-2020	PC	Percentage	0	Units			16.9435158511511		
USA	United States	UNR	Unemployment rate	Q	Quarterly	2021-Q1	Q1-2021	PC	Percentage	0	Units			13.6186457303553		
USA	United States	UNR	Unemployment rate	Q	Quarterly	2021-Q2	Q2-2021	PC	Percentage	0	Units			11.6898114144753		
USA	United States	UNR	Unemployment rate	Q	Quarterly	2021-Q3	Q3-2021	PC	Percentage	0	Units			10.761806644003		
USA	United States	UNR	Unemployment rate	Q	Quarterly	2021-Q4	Q4-2021	PC	Percentage	0	Units			10.0395256986526		
EST	Estonia	UNR	Unemployment rate	Q	Quarterly	2018-Q1	Q1-2018	PC	Percentage	0	Units			6.62594641099841		
EST	Estonia	UNR	Unemployment rate	Q	Quarterly	2018-Q2	Q2-2018	PC	Percentage	0	Units			4.85177114665238		
EST	Estonia	UNR	Unemployment rate	Q	Quarterly	2018-Q3	Q3-2018	PC	Percentage	0	Units			5.38051629878783		
EST	Estonia	UNR	Unemployment rate	Q	Quarterly	2018-Q4	Q4-2018	PC	Percentage	0	Units			4.6154001336693		
EST	Estonia	UNR	Unemployment rate	Q	Quarterly	2019-Q1	Q1-2019	PC	Percentage	0	Units			4.51430683216353		
EST	Estonia	UNR	Unemployment rate	Q	Quarterly	2019-Q2	Q2-2019	PC	Percentage	0	Units			4.82037653286474		
EST	Estonia	UNR	Unemployment rate	Q	Quarterly	2019-Q3	Q3-2019	PC	Percentage	0	Units			4.04956838950696		
EST	Estonia	UNR	Unemployment rate	Q	Quarterly	2019-Q4	Q4-2019	PC	Percentage	0	Units			4.40765257176993		
EST	Estonia	UNR	Unemployment rate	Q	Quarterly	2020-Q1	Q1-2020	PC	Percentage	0	Units			4.76850161717826		
EST	Estonia	UNR	Unemployment rate	Q	Quarterly	2020-Q2	Q2-2020	PC	Percentage	0	Units			9.24716916052632		
EST	Estonia	UNR	Unemployment rate	Q	Quarterly	2020-Q3	Q3-2020	PC	Percentage	0	Units			12.4193037744589		
EST	Estonia	UNR	Unemployment rate	Q	Quarterly	2020-Q4	Q4-2020	PC	Percentage	0	Units			14.0102766945147		
EST	Estonia	UNR	Unemployment rate	Q	Quarterly	2021-Q1	Q1-2021	PC	Percentage	0	Units			12.449027415673		
EST	Estonia	UNR	Unemployment rate	Q	Quarterly	2021-Q2	Q2-2021	PC	Percentage	0	Units			11.4850182288638		
EST	Estonia	UNR	Unemployment rate	Q	Quarterly	2021-Q3	Q3-2021	PC	Percentage	0	Units			10.7242302081462		
EST	Estonia	UNR	Unemployment rate	Q	Quarterly	2021-Q4	Q4-2021	PC	Percentage	0	Units			9.95690319932857		
ISR	Israel	UNR	Unemployment rate	Q	Quarterly	2018-Q1	Q1-2018	PC	Percentage	0	Units			3.71723970858565		
ISR	Israel	UNR	Unemployment rate	Q	Quarterly	2018-Q2	Q2-2018	PC	Percentage	0	Units			3.98874501102416		
ISR	Israel	UNR	Unemployment rate	Q	Quarterly	2018-Q3	Q3-2018	PC	Percentage	0	Units			4.13250357919331		
ISR	Israel	UNR	Unemployment rate	Q	Quarterly	2018-Q4	Q4-2018	PC	Percentage	0	Units			4.11960361251086		
ISR	Israel	UNR	Unemployment rate	Q	Quarterly	2019-Q1	Q1-2019	PC	Percentage	0	Units			3.9849259453963		
ISR	Israel	UNR	Unemployment rate	Q	Quarterly	2019-Q2	Q2-2019	PC	Percentage	0	Units			3.8934804993859		
ISR	Israel	UNR	Unemployment rate	Q	Quarterly	2019-Q3	Q3-2019	PC	Percentage	0	Units			3.6710656986881		
ISR	Israel	UNR	Unemployment rate	Q	Quarterly	2019-Q4	Q4-2019	PC	Percentage	0	Units			3.70252595287339		
ISR	Israel	UNR	Unemployment rate	Q	Quarterly	2020-Q1	Q1-2020	PC	Percentage	0	Units			3.45564327586938		
ISR	Israel	UNR	Unemployment rate	Q	Quarterly	2020-Q2	Q2-2020	PC	Percentage	0	Units			7.11335569413157		
ISR	Israel	UNR	Unemployment rate	Q	Quarterly	2020-Q3	Q3-2020	PC	Percentage	0	Units			10.2620555011102		
ISR	Israel	UNR	Unemployment rate	Q	Quarterly	2020-Q4	Q4-2020	PC	Percentage	0	Units			11.1567508600223		
ISR	Israel	UNR	Unemployment rate	Q	Quarterly	2021-Q1	Q1-2021	PC	Percentage	0	Units			10.5812838750598		
ISR	Israel	UNR	Unemployment rate	Q	Quarterly	2021-Q2	Q2-2021	PC	Percentage	0	Units			9.69065921246079		
ISR	Israel	UNR	Unemployment rate	Q	Quarterly	2021-Q3	Q3-2021	PC	Percentage	0	Units			8.25146653058768		
ISR	Israel	UNR	Unemployment rate	Q	Quarterly	2021-Q4	Q4-2021	PC	Percentage	0	Units			6.78005365195681		
IRL	Ireland	UNR	Unemployment rate	Q	Quarterly	2018-Q1	Q1-2018	PC	Percentage	0	Units			5.93547845081072		
IRL	Ireland	UNR	Unemployment rate	Q	Quarterly	2018-Q2	Q2-2018	PC	Percentage	0	Units			5.77541894772034		
IRL	Ireland	UNR	Unemployment rate	Q	Quarterly	2018-Q3	Q3-2018	PC	Percentage	0	Units			5.64025660251604		
IRL	Ireland	UNR	Unemployment rate	Q	Quarterly	2018-Q4	Q4-2018	PC	Percentage	0	Units			5.60359161955437		
IRL	Ireland	UNR	Unemployment rate	Q	Quarterly	2019-Q1	Q1-2019	PC	Percentage	0	Units			5.03396905950724		
IRL	Ireland	UNR	Unemployment rate	Q	Quarterly	2019-Q2	Q2-2019	PC	Percentage	0	Units			5.10418815762327		
IRL	Ireland	UNR	Unemployment rate	Q	Quarterly	2019-Q3	Q3-2019	PC	Percentage	0	Units			4.92931776275353		
IRL	Ireland	UNR	Unemployment rate	Q	Quarterly	2019-Q4	Q4-2019	PC	Percentage	0	Units			4.70144410189843		
IRL	Ireland	UNR	Unemployment rate	Q	Quarterly	2020-Q1	Q1-2020	PC	Percentage	0	Units			4.94851143967624		
IRL	Ireland	UNR	Unemployment rate	Q	Quarterly	2020-Q2	Q2-2020	PC	Percentage	0	Units			15.9873790730951		
IRL	Ireland	UNR	Unemployment rate	Q	Quarterly	2020-Q3	Q3-2020	PC	Percentage	0	Units			12.3272547571307		
IRL	Ireland	UNR	Unemployment rate	Q	Quarterly	2020-Q4	Q4-2020	PC	Percentage	0	Units			16.0095100573312		
IRL	Ireland	UNR	Unemployment rate	Q	Quarterly	2021-Q1	Q1-2021	PC	Percentage	0	Units			14.1617192785925		
IRL	Ireland	UNR	Unemployment rate	Q	Quarterly	2021-Q2	Q2-2021	PC	Percentage	0	Units			13.1347408452357		
IRL	Ireland	UNR	Unemployment rate	Q	Quarterly	2021-Q3	Q3-2021	PC	Percentage	0	Units			12.4418973026254		
IRL	Ireland	UNR	Unemployment rate	Q	Quarterly	2021-Q4	Q4-2021	PC	Percentage	0	Units			12.0054162323493		
GBR	United Kingdom	UNR	Unemployment rate	Q	Quarterly	2018-Q1	Q1-2018	PC	Percentage	0	Units			4.19727488151659		
GBR	United Kingdom	UNR	Unemployment rate	Q	Quarterly	2018-Q2	Q2-2018	PC	Percentage	0	Units			4.03863818187206		
GBR	United Kingdom	UNR	Unemployment rate	Q	Quarterly	2018-Q3	Q3-2018	PC	Percentage	0	Units			4.07300047326077		
GBR	United Kingdom	UNR	Unemployment rate	Q	Quarterly	2018-Q4	Q4-2018	PC	Percentage	0	Units			4.01354534746761		
GBR	United Kingdom	UNR	Unemployment rate	Q	Quarterly	2019-Q1	Q1-2019	PC	Percentage	0	Units			3.81820856008237		
GBR	United Kingdom	UNR	Unemployment rate	Q	Quarterly	2019-Q2	Q2-2019	PC	Percentage	0	Units			3.89279437609842		
GBR	United Kingdom	UNR	Unemployment rate	Q	Quarterly	2019-Q3	Q3-2019	PC	Percentage	0	Units			3.83452244634311		
GBR	United Kingdom	UNR	Unemployment rate	Q	Quarterly	2019-Q4	Q4-2019	PC	Percentage	0	Units			3.76647283990299		
GBR	United Kingdom	UNR	Unemployment rate	Q	Quarterly	2020-Q1	Q1-2020	PC	Percentage	0	Units			3.90815261509915		
GBR	United Kingdom	UNR	Unemployment rate	Q	Quarterly	2020-Q2	Q2-2020	PC	Percentage	0	Units			11.2178090480479		
GBR	United Kingdom	UNR	Unemployment rate	Q	Quarterly	2020-Q3	Q3-2020	PC	Percentage	0	Units			11.6836854694451		
GBR	United Kingdom	UNR	Unemployment rate	Q	Quarterly	2020-Q4	Q4-2020	PC	Percentage	0	Units			14.7907636436953		
GBR	United Kingdom	UNR	Unemployment rate	Q	Quarterly	2021-Q1	Q1-2021	PC	Percentage	0	Units			11.8490380742523		
GBR	United Kingdom	UNR	Unemployment rate	Q	Quarterly	2021-Q2	Q2-2021	PC	Percentage	0	Units			9.93887163231698		
GBR	United Kingdom	UNR	Unemployment rate	Q	Quarterly	2021-Q3	Q3-2021	PC	Percentage	0	Units			9.37692392652341		
GBR	United Kingdom	UNR	Unemployment rate	Q	Quarterly	2021-Q4	Q4-2021	PC	Percentage	0	Units			9.03290026110955		
LTU	Lithuania	UNR	Unemployment rate	Q	Quarterly	2018-Q1	Q1-2018	PC	Percentage	0	Units			6.68530994328319		
LTU	Lithuania	UNR	Unemployment rate	Q	Quarterly	2018-Q2	Q2-2018	PC	Percentage	0	Units			6.0076462932905		
LTU	Lithuania	UNR	Unemployment rate	Q	Quarterly	2018-Q3	Q3-2018	PC	Percentage	0	Units			5.9259412663853		
LTU	Lithuania	UNR	Unemployment rate	Q	Quarterly	2018-Q4	Q4-2018	PC	Percentage	0	Units			5.97846695432867		
LTU	Lithuania	UNR	Unemployment rate	Q	Quarterly	2019-Q1	Q1-2019	PC	Percentage	0	Units			6.01692525658494		
LTU	Lithuania	UNR	Unemployment rate	Q	Quarterly	2019-Q2	Q2-2019	PC	Percentage	0	Units			6.22923868109815		
LTU	Lithuania	UNR	Unemployment rate	Q	Quarterly	2019-Q3	Q3-2019	PC	Percentage	0	Units			6.41231219582223		
LTU	Lithuania	UNR	Unemployment rate	Q	Quarterly	2019-Q4	Q4-2019	PC	Percentage	0	Units			6.36255847579533		
LTU	Lithuania	UNR	Unemployment rate	Q	Quarterly	2020-Q1	Q1-2020	PC	Percentage	0	Units			6.58791558877098		
LTU	Lithuania	UNR	Unemployment rate	Q	Quarterly	2020-Q2	Q2-2020	PC	Percentage	0	Units			10.4993770336622		
LTU	Lithuania	UNR	Unemployment rate	Q	Quarterly	2020-Q3	Q3-2020	PC	Percentage	0	Units			9.92052311233614		
LTU	Lithuania	UNR	Unemployment rate	Q	Quarterly	2020-Q4	Q4-2020	PC	Percentage	0	Units			11.2218632059793		
LTU	Lithuania	UNR	Unemployment rate	Q	Quarterly	2021-Q1	Q1-2021	PC	Percentage	0	Units			10.0660813414863		
LTU	Lithuania	UNR	Unemployment rate	Q	Quarterly	2021-Q2	Q2-2021	PC	Percentage	0	Units			9.02408360317803		
LTU	Lithuania	UNR	Unemployment rate	Q	Quarterly	2021-Q3	Q3-2021	PC	Percentage	0	Units			8.20161377635922		
LTU	Lithuania	UNR	Unemployment rate	Q	Quarterly	2021-Q4	Q4-2021	PC	Percentage	0	Units			7.56707161351846		
ZAF	South Africa	UNR	Unemployment rate	Q	Quarterly	2018-Q1	Q1-2018	PC	Percentage	0	Units			26.5360566876505		
ZAF	South Africa	UNR	Unemployment rate	Q	Quarterly	2018-Q2	Q2-2018	PC	Percentage	0	Units			26.9491422918852		
ZAF	South Africa	UNR	Unemployment rate	Q	Quarterly	2018-Q3	Q3-2018	PC	Percentage	0	Units			27.2616591071546		
ZAF	South Africa	UNR	Unemployment rate	Q	Quarterly	2018-Q4	Q4-2018	PC	Percentage	0	Units			27.7524007820497		
ZAF	South Africa	UNR	Unemployment rate	Q	Quarterly	2019-Q1	Q1-2019	PC	Percentage	0	Units			27.3638252295777		
ZAF	South Africa	UNR	Unemployment rate	Q	Quarterly	2019-Q2	Q2-2019	PC	Percentage	0	Units			28.732072940282		
ZAF	South Africa	UNR	Unemployment rate	Q	Quarterly	2019-Q3	Q3-2019	PC	Percentage	0	Units			28.9047819640587		
ZAF	South Africa	UNR	Unemployment rate	Q	Quarterly	2019-Q4	Q4-2019	PC	Percentage	0	Units			29.7259265199219		
ZAF	South Africa	UNR	Unemployment rate	Q	Quarterly	2020-Q1	Q1-2020	PC	Percentage	0	Units			32.8453624877029		
ZAF	South Africa	UNR	Unemployment rate	Q	Quarterly	2020-Q2	Q2-2020	PC	Percentage	0	Units			33.8710078988071		
ZAF	South Africa	UNR	Unemployment rate	Q	Quarterly	2020-Q3	Q3-2020	PC	Percentage	0	Units			34.2462663374382		
ZAF	South Africa	UNR	Unemployment rate	Q	Quarterly	2020-Q4	Q4-2020	PC	Percentage	0	Units			35.0487064313379		
ZAF	South Africa	UNR	Unemployment rate	Q	Quarterly	2021-Q1	Q1-2021	PC	Percentage	0	Units			35.4665290109058		
ZAF	South Africa	UNR	Unemployment rate	Q	Quarterly	2021-Q2	Q2-2021	PC	Percentage	0	Units			35.7130919559865		
ZAF	South Africa	UNR	Unemployment rate	Q	Quarterly	2021-Q3	Q3-2021	PC	Percentage	0	Units			35.8542076268411		
ZAF	South Africa	UNR	Unemployment rate	Q	Quarterly	2021-Q4	Q4-2021	PC	Percentage	0	Units			35.9950135358301		
LUX	Luxembourg	UNR	Unemployment rate	Q	Quarterly	2018-Q1	Q1-2018	PC	Percentage	0	Units			5.68215784865724		
LUX	Luxembourg	UNR	Unemployment rate	Q	Quarterly	2018-Q2	Q2-2018	PC	Percentage	0	Units			5.49113091718869		
LUX	Luxembourg	UNR	Unemployment rate	Q	Quarterly	2018-Q3	Q3-2018	PC	Percentage	0	Units			5.41386112134522		
LUX	Luxembourg	UNR	Unemployment rate	Q	Quarterly	2018-Q4	Q4-2018	PC	Percentage	0	Units			5.22054055899895		
LUX	Luxembourg	UNR	Unemployment rate	Q	Quarterly	2019-Q1	Q1-2019	PC	Percentage	0	Units			5.25865123339688		
LUX	Luxembourg	UNR	Unemployment rate	Q	Quarterly	2019-Q2	Q2-2019	PC	Percentage	0	Units			5.42977016127833		
LUX	Luxembourg	UNR	Unemployment rate	Q	Quarterly	2019-Q3	Q3-2019	PC	Percentage	0	Units			5.37458319399081		
LUX	Luxembourg	UNR	Unemployment rate	Q	Quarterly	2019-Q4	Q4-2019	PC	Percentage	0	Units			5.37758534689901		
LUX	Luxembourg	UNR	Unemployment rate	Q	Quarterly	2020-Q1	Q1-2020	PC	Percentage	0	Units			5.67993439808376		
LUX	Luxembourg	UNR	Unemployment rate	Q	Quarterly	2020-Q2	Q2-2020	PC	Percentage	0	Units			7.12288791794246		
LUX	Luxembourg	UNR	Unemployment rate	Q	Quarterly	2020-Q3	Q3-2020	PC	Percentage	0	Units			7.67397278551577		
LUX	Luxembourg	UNR	Unemployment rate	Q	Quarterly	2020-Q4	Q4-2020	PC	Percentage	0	Units			8.45146300549703		
LUX	Luxembourg	UNR	Unemployment rate	Q	Quarterly	2021-Q1	Q1-2021	PC	Percentage	0	Units			8.7213754990027		
LUX	Luxembourg	UNR	Unemployment rate	Q	Quarterly	2021-Q2	Q2-2021	PC	Percentage	0	Units			8.72137549900275		
LUX	Luxembourg	UNR	Unemployment rate	Q	Quarterly	2021-Q3	Q3-2021	PC	Percentage	0	Units			8.60971948050145		
LUX	Luxembourg	UNR	Unemployment rate	Q	Quarterly	2021-Q4	Q4-2021	PC	Percentage	0	Units			8.33353164634196		
BEL	Belgium	UNR	Unemployment rate	Q	Quarterly	2018-Q1	Q1-2018	PC	Percentage	0	Units			6.1		
BEL	Belgium	UNR	Unemployment rate	Q	Quarterly	2018-Q2	Q2-2018	PC	Percentage	0	Units			6.23333333333334		
BEL	Belgium	UNR	Unemployment rate	Q	Quarterly	2018-Q3	Q3-2018	PC	Percentage	0	Units			5.73333333333333		
BEL	Belgium	UNR	Unemployment rate	Q	Quarterly	2018-Q4	Q4-2018	PC	Percentage	0	Units			5.76666666666666		
BEL	Belgium	UNR	Unemployment rate	Q	Quarterly	2019-Q1	Q1-2019	PC	Percentage	0	Units			5.53333333333334		
BEL	Belgium	UNR	Unemployment rate	Q	Quarterly	2019-Q2	Q2-2019	PC	Percentage	0	Units			5.46666666666667		
BEL	Belgium	UNR	Unemployment rate	Q	Quarterly	2019-Q3	Q3-2019	PC	Percentage	0	Units			5.23333333333333		
BEL	Belgium	UNR	Unemployment rate	Q	Quarterly	2019-Q4	Q4-2019	PC	Percentage	0	Units			5.2		
BEL	Belgium	UNR	Unemployment rate	Q	Quarterly	2020-Q1	Q1-2020	PC	Percentage	0	Units			5.44608626198085		
BEL	Belgium	UNR	Unemployment rate	Q	Quarterly	2020-Q2	Q2-2020	PC	Percentage	0	Units			9.03007782713878		
BEL	Belgium	UNR	Unemployment rate	Q	Quarterly	2020-Q3	Q3-2020	PC	Percentage	0	Units			8.04480047617534		
BEL	Belgium	UNR	Unemployment rate	Q	Quarterly	2020-Q4	Q4-2020	PC	Percentage	0	Units			10.3578154425612		
BEL	Belgium	UNR	Unemployment rate	Q	Quarterly	2021-Q1	Q1-2021	PC	Percentage	0	Units			10.377358490566		
BEL	Belgium	UNR	Unemployment rate	Q	Quarterly	2021-Q2	Q2-2021	PC	Percentage	0	Units			9.41619585687382		
BEL	Belgium	UNR	Unemployment rate	Q	Quarterly	2021-Q3	Q3-2021	PC	Percentage	0	Units			8.85122410546139		
BEL	Belgium	UNR	Unemployment rate	Q	Quarterly	2021-Q4	Q4-2021	PC	Percentage	0	Units			8.5038904101148		
AUS	Australia	UNR	Unemployment rate	Q	Quarterly	2018-Q1	Q1-2018	PC	Percentage	0	Units			5.50145886023744		
AUS	Australia	UNR	Unemployment rate	Q	Quarterly	2018-Q2	Q2-2018	PC	Percentage	0	Units			5.41010619369463		
AUS	Australia	UNR	Unemployment rate	Q	Quarterly	2018-Q3	Q3-2018	PC	Percentage	0	Units			5.21277140658228		
AUS	Australia	UNR	Unemployment rate	Q	Quarterly	2018-Q4	Q4-2018	PC	Percentage	0	Units			5.07171697599474		
AUS	Australia	UNR	Unemployment rate	Q	Quarterly	2019-Q1	Q1-2019	PC	Percentage	0	Units			4.9952039470342		
AUS	Australia	UNR	Unemployment rate	Q	Quarterly	2019-Q2	Q2-2019	PC	Percentage	0	Units			5.20018996666547		
AUS	Australia	UNR	Unemployment rate	Q	Quarterly	2019-Q3	Q3-2019	PC	Percentage	0	Units			5.25494314145526		
AUS	Australia	UNR	Unemployment rate	Q	Quarterly	2019-Q4	Q4-2019	PC	Percentage	0	Units			5.19854040334895		
AUS	Australia	UNR	Unemployment rate	Q	Quarterly	2020-Q1	Q1-2020	PC	Percentage	0	Units			5.16483695384263		
AUS	Australia	UNR	Unemployment rate	Q	Quarterly	2020-Q2	Q2-2020	PC	Percentage	0	Units			8.09184815897097		
AUS	Australia	UNR	Unemployment rate	Q	Quarterly	2020-Q3	Q3-2020	PC	Percentage	0	Units			8.27241427260757		
AUS	Australia	UNR	Unemployment rate	Q	Quarterly	2020-Q4	Q4-2020	PC	Percentage	0	Units			9.10462019150528		
AUS	Australia	UNR	Unemployment rate	Q	Quarterly	2021-Q1	Q1-2021	PC	Percentage	0	Units			9.14979682162878		
AUS	Australia	UNR	Unemployment rate	Q	Quarterly	2021-Q2	Q2-2021	PC	Percentage	0	Units			8.92335065219114		
AUS	Australia	UNR	Unemployment rate	Q	Quarterly	2021-Q3	Q3-2021	PC	Percentage	0	Units			8.65080207558922		
AUS	Australia	UNR	Unemployment rate	Q	Quarterly	2021-Q4	Q4-2021	PC	Percentage	0	Units			8.37743789227421		
NZL	New Zealand	UNR	Unemployment rate	Q	Quarterly	2018-Q1	Q1-2018	PC	Percentage	0	Units			4.32852386237514		
NZL	New Zealand	UNR	Unemployment rate	Q	Quarterly	2018-Q2	Q2-2018	PC	Percentage	0	Units			4.51707675358061		
NZL	New Zealand	UNR	Unemployment rate	Q	Quarterly	2018-Q3	Q3-2018	PC	Percentage	0	Units			3.99413704653719		
NZL	New Zealand	UNR	Unemployment rate	Q	Quarterly	2018-Q4	Q4-2018	PC	Percentage	0	Units			4.30656934306569		
NZL	New Zealand	UNR	Unemployment rate	Q	Quarterly	2019-Q1	Q1-2019	PC	Percentage	0	Units			4.13616398243045		
NZL	New Zealand	UNR	Unemployment rate	Q	Quarterly	2019-Q2	Q2-2019	PC	Percentage	0	Units			3.97085610200364		
NZL	New Zealand	UNR	Unemployment rate	Q	Quarterly	2019-Q3	Q3-2019	PC	Percentage	0	Units			4.13793103448276		
NZL	New Zealand	UNR	Unemployment rate	Q	Quarterly	2019-Q4	Q4-2019	PC	Percentage	0	Units			4.03050108932462		
NZL	New Zealand	UNR	Unemployment rate	Q	Quarterly	2020-Q1	Q1-2020	PC	Percentage	0	Units			4.1771696074901		
NZL	New Zealand	UNR	Unemployment rate	Q	Quarterly	2020-Q2	Q2-2020	PC	Percentage	0	Units			8.75383956428664		
NZL	New Zealand	UNR	Unemployment rate	Q	Quarterly	2020-Q3	Q3-2020	PC	Percentage	0	Units			9.57423461315915		
NZL	New Zealand	UNR	Unemployment rate	Q	Quarterly	2020-Q4	Q4-2020	PC	Percentage	0	Units			10.0438850126913		
NZL	New Zealand	UNR	Unemployment rate	Q	Quarterly	2021-Q1	Q1-2021	PC	Percentage	0	Units			9.64871038614962		
NZL	New Zealand	UNR	Unemployment rate	Q	Quarterly	2021-Q2	Q2-2021	PC	Percentage	0	Units			9.15277017369839		
NZL	New Zealand	UNR	Unemployment rate	Q	Quarterly	2021-Q3	Q3-2021	PC	Percentage	0	Units			8.59981856529641		
NZL	New Zealand	UNR	Unemployment rate	Q	Quarterly	2021-Q4	Q4-2021	PC	Percentage	0	Units			8.0897119118837		
CHE	Switzerland	UNR	Unemployment rate	Q	Quarterly	2018-Q1	Q1-2018	PC	Percentage	0	Units			4.92993074700468		
CHE	Switzerland	UNR	Unemployment rate	Q	Quarterly	2018-Q2	Q2-2018	PC	Percentage	0	Units			4.93026394896126		
CHE	Switzerland	UNR	Unemployment rate	Q	Quarterly	2018-Q3	Q3-2018	PC	Percentage	0	Units			4.17922716592725		
CHE	Switzerland	UNR	Unemployment rate	Q	Quarterly	2018-Q4	Q4-2018	PC	Percentage	0	Units			4.85525612616054		
CHE	Switzerland	UNR	Unemployment rate	Q	Quarterly	2019-Q1	Q1-2019	PC	Percentage	0	Units			4.65686720085325		
CHE	Switzerland	UNR	Unemployment rate	Q	Quarterly	2019-Q2	Q2-2019	PC	Percentage	0	Units			4.45527714559634		
CHE	Switzerland	UNR	Unemployment rate	Q	Quarterly	2019-Q3	Q3-2019	PC	Percentage	0	Units			4.31487242903932		
CHE	Switzerland	UNR	Unemployment rate	Q	Quarterly	2019-Q4	Q4-2019	PC	Percentage	0	Units			4.12777123516142		
CHE	Switzerland	UNR	Unemployment rate	Q	Quarterly	2020-Q1	Q1-2020	PC	Percentage	0	Units			4.24508528053781		
CHE	Switzerland	UNR	Unemployment rate	Q	Quarterly	2020-Q2	Q2-2020	PC	Percentage	0	Units			5.44142354539864		
CHE	Switzerland	UNR	Unemployment rate	Q	Quarterly	2020-Q3	Q3-2020	PC	Percentage	0	Units			6.26309715222548		
CHE	Switzerland	UNR	Unemployment rate	Q	Quarterly	2020-Q4	Q4-2020	PC	Percentage	0	Units			6.84356938320452		
CHE	Switzerland	UNR	Unemployment rate	Q	Quarterly	2021-Q1	Q1-2021	PC	Percentage	0	Units			6.76913356169689		
CHE	Switzerland	UNR	Unemployment rate	Q	Quarterly	2021-Q2	Q2-2021	PC	Percentage	0	Units			6.67601443820678		
CHE	Switzerland	UNR	Unemployment rate	Q	Quarterly	2021-Q3	Q3-2021	PC	Percentage	0	Units			6.55483866790081		
CHE	Switzerland	UNR	Unemployment rate	Q	Quarterly	2021-Q4	Q4-2021	PC	Percentage	0	Units			6.38683897713203		
COL	Colombia	UNR	Unemployment rate	Q	Quarterly	2018-Q1	Q1-2018	PC	Percentage	0	Units			9.34664772341507		
COL	Colombia	UNR	Unemployment rate	Q	Quarterly	2018-Q2	Q2-2018	PC	Percentage	0	Units			9.64741570506296		
COL	Colombia	UNR	Unemployment rate	Q	Quarterly	2018-Q3	Q3-2018	PC	Percentage	0	Units			9.57386704900052		
COL	Colombia	UNR	Unemployment rate	Q	Quarterly	2018-Q4	Q4-2018	PC	Percentage	0	Units			10.1380746185783		
COL	Colombia	UNR	Unemployment rate	Q	Quarterly	2019-Q1	Q1-2019	PC	Percentage	0	Units			10.4405204773627		
COL	Colombia	UNR	Unemployment rate	Q	Quarterly	2019-Q2	Q2-2019	PC	Percentage	0	Units			10.3406128080016		
COL	Colombia	UNR	Unemployment rate	Q	Quarterly	2019-Q3	Q3-2019	PC	Percentage	0	Units			10.7066823072344		
COL	Colombia	UNR	Unemployment rate	Q	Quarterly	2019-Q4	Q4-2019	PC	Percentage	0	Units			10.5154102861061		
COL	Colombia	UNR	Unemployment rate	Q	Quarterly	2020-Q1	Q1-2020	PC	Percentage	0	Units			11.191843209709		
COL	Colombia	UNR	Unemployment rate	Q	Quarterly	2020-Q2	Q2-2020	PC	Percentage	0	Units			23.0631376377989		
COL	Colombia	UNR	Unemployment rate	Q	Quarterly	2020-Q3	Q3-2020	PC	Percentage	0	Units			19.9856631433109		
COL	Colombia	UNR	Unemployment rate	Q	Quarterly	2020-Q4	Q4-2020	PC	Percentage	0	Units			25.1865950389957		
COL	Colombia	UNR	Unemployment rate	Q	Quarterly	2021-Q1	Q1-2021	PC	Percentage	0	Units			22.2688722455165		
COL	Colombia	UNR	Unemployment rate	Q	Quarterly	2021-Q2	Q2-2021	PC	Percentage	0	Units			20.2478629238999		
COL	Colombia	UNR	Unemployment rate	Q	Quarterly	2021-Q3	Q3-2021	PC	Percentage	0	Units			19.0515808677585		
COL	Colombia	UNR	Unemployment rate	Q	Quarterly	2021-Q4	Q4-2021	PC	Percentage	0	Units			18.1611482573038		
